ISO_A3,Country or region,Note,World Bank Region,"Total population, 2018","Total area, 2018",Evaluated area,Level 1 area (% of evaluated area),"Human development Index, 2017","Gross domestic product (USD per capita), 2018","Average theoretical potential (GHI, kWh/m2/day), long-term","Average practical potential (PVOUT Level 1, kWh/kWp/day), long-term","Average economic potential (LCOE, USD/kWh), 2018","Average PV seasonality index, long-term","PV equivalent area (% of total area), long-term","Cummulative installed PV capacity (MWp), 2018","Cummulative installed PV capacity (Wp per capita), 2018","Access to electricity (% of rural population), 2016","Electric power consumption (kWh per capita), 2014","Reliability of supply and transparency of tariff index, 2019","Approximate electricity Tariffs for SMEs (US cent/kWh), 2019"
ABW,Aruba (Neth.),,Other,105845,180.0,180,0.847926267281106,,25630.2664922069,6.1098,4.9646,0.0853,1.1803,,6.1,57.6314422032217,92.4528443723035,,,
AFG,Afghanistan,,SOA,37172386,652860.0,652860,0.587350160673094,0.497695114045789,520.896602719135,5.4904,5.0159,0.0851,1.6665,,22.0,0.591837177199225,78.9610743548116,,0.0,17.6
AGO,Angola,,AFR,30809762,1246700.0,1246700,0.751833316269891,0.581178565460993,3432.38573600893,5.7467,4.6586,0.0919,1.3211,0.003,13.4,0.43492708577236,15.9842091217441,312.228824978484,3.0,4.6
ALB,Albania,,ECA,2866376,27400.0,27400,0.614858017880064,0.784910973404969,5253.63006411357,4.1954,4.0426,0.1051,2.3266,0.21,1.0,0.348872583359615,100.0,2309.36650255581,3.0,8.7
AND,Andorra,,Other,77006,470.0,470,0.110960757780785,0.857683594255898,42029.7627372989,4.049,4.199,0.0986,2.1531,,0.0,0.0,100.0,,,
ARE,United Arab Emirates,,MENA,9630959,71020.0,71020,0.593421865348981,0.862756660396514,43004.9486462341,6.0454,5.0043,0.0848,1.1793,0.732,493.5,51.2410031025986,100.0,11088.3502863794,8.0,11.0
ARG,Argentina,up to parallel 45°S,LCR,44494502,2736690.0,2475393,0.656025231717501,0.824849650008413,11652.5662897487,5.1243,4.5992,0.1084,1.6247,0.034,191.3,4.2994075987186,100.0,3074.70207056563,5.0,15.5
ARM,Armenia,,ECA,2951776,28470.0,28470,0.694657331536984,0.755112683179379,4212.07094272937,4.2241,4.1063,0.1038,2.4078,0.169,17.3,5.86087833223117,100.0,1961.61039526467,7.0,7.6
ASM,American Samoa (U.S.),,Other,55465,200.0,200,0.274590163934426,,11398.7774181949,4.9163,3.9826,0.1082,1.3005,,4.2,75.723429189579,,,,
ATG,Antigua and Barbuda,,LCR,96286,440.0,440,0.914545454545454,0.77953591018674,16864.3833609901,5.7543,4.7696,0.089,1.1877,,7.9,82.0472342812039,96.5468913480825,,4.0,43.7
AUS,Australia,,Other,24992369,7692020.0,7692020,0.229264111908583,0.938631285106575,57305.2990162045,5.7587,4.7071,0.0949,1.4737,0.019,9763.1,390.64323994256,100.0,10071.3989785006,7.0,23.1
AUT,Austria,,Other,8847037,82523.0,82523,0.427210695853971,0.9077551793932,51512.9054751534,3.2138,3.2571,0.1094,3.1889,1.25,1431.0,161.749069208143,100.0,8355.84195182134,7.0,9.8
AZE,Azerbaijan,,ECA,9942334,82670.0,82670,0.823314728989944,0.756965427408013,4721.17808673142,4.0422,3.8177,0.1116,2.0975,0.235,36.4,3.66111216943627,100.0,2202.39391828846,7.0,5.4
BDI,Burundi,,AFR,11175378,25680.0,25680,0.817563271016152,0.417216174255532,275.429603285318,5.1899,4.1723,0.1019,1.3202,,5.1,0.456360402305855,1.65223551976685,,0.0,15.7
BEL,Belgium,,Other,11422068,30280.0,30280,0.785622684525506,0.916066036844582,46556.0995671479,2.9436,2.9164,0.1219,3.9838,5.026,4025.6,352.440556298562,100.0,7709.12307788247,8.0,15.8
BEN,Benin,,AFR,11485048,112760.0,112760,0.988180118052715,0.514619672724906,901.954052193337,5.3253,4.1978,0.1015,1.4134,0.005,8.0,0.69655782021982,17.9698002077629,100.225122540037,0.0,19.6
BFA,Burkina Faso,,AFR,19751535,273600.0,273600,0.976009954325056,0.423423185255308,731.171716967411,5.8073,4.5701,0.093,1.2627,,61.8,3.12887074346374,0.765470963075056,,0.0,22.9
BGD,Bangladesh,,SOA,161356039,130170.0,130170,0.923039671362809,0.608155837031928,1698.26280233547,4.5955,3.8806,0.109,1.4717,0.242,201.1,1.24631220031374,68.85,320.204158205446,0.0,9.2
BGR,Bulgaria,,ECA,7024216,108560.0,108560,0.758936650939906,0.813006248671464,9272.62930360848,3.8729,3.7028,0.1147,2.6413,0.301,1035.6,147.432823819769,100.0,4708.92745757231,6.0,12.4
BHR,Bahrain,,MENA,1569439,778.0,778,0.760199004975124,0.84610833886364,24050.7575053956,5.7502,4.8686,0.0869,1.299,20.002,5.0,3.18585175976894,100.0,19596.9537638231,5.0,4.8
BHS,The Bahamas,,LCR,385640,10010.0,10010,0.689258896506693,0.80712629587972,31857.890145929,5.3607,4.5481,0.0936,1.2899,,1.3,3.37101960377554,100.0,,4.0,27.6
BIH,Bosnia and Herzegovina,,ECA,3323929,51200.0,51200,0.623169204085566,0.768450830849191,5951.32329883943,3.6591,3.5697,0.1195,2.7264,0.24,19.0,5.71612690884793,100.0,3446.76666750907,6.0,16.2
BLR,Belarus,,ECA,9485386,202988.0,202988,0.736146207604533,0.807529595527673,6289.93855308212,2.9377,2.9485,0.1446,6.4875,0.355,154.3,16.2671292449248,100.0,3679.9788400689,8.0,11.7
BLZ,Belize,,LCR,383071,22810.0,22810,0.421340578361681,0.707553154366279,5025.17810014332,5.0491,4.1768,0.1018,1.3431,,4.2,10.9640249457672,88.4200865737024,,4.0,19.5
BMU,Bermuda (U.K.),,Other,63968,54.0,54,0.987179487179487,,,4.7291,4.1838,0.1015,1.782,,0.0,0.0,,,,
BOL,Bolivia,,LCR,11353142,1083300.0,1083300,0.351001249012646,0.692536970509311,3548.59013979338,5.4239,4.9421,0.0884,1.261,0.003,71.0,6.25377538658461,79.145023819414,742.538399742886,6.0,17.0
BRA,Brazil,,LCR,209469333,8358140.0,8358140,0.538572461512847,0.759245369983666,8920.76210462979,5.2762,4.4042,0.1189,1.3414,0.03,2296.0,10.9610317038628,100.0,2619.96061573831,6.0,16.3
BRB,Barbados,,LCR,286641,430.0,430,0.808429118773946,0.800268630951227,16327.6072290756,5.7734,4.7151,0.0901,1.171,,24.0,83.7284268475201,100.0,,6.0,25.8
BRN,Brunei Darussalam,,Other,428962,5270.0,5270,0.120197904540163,0.853266971770683,31627.7420793167,4.8409,3.9009,0.1092,1.1982,0.392,1.2,2.79745059002895,100.0,10291.1640460845,7.0,5.2
BTN,Bhutan,,SOA,754394,38144.0,38144,0.044182472600801,0.612417609105288,3360.26686689029,3.9397,3.9158,0.1078,1.6063,,0.5,0.662783638257993,100.0,,4.0,5.4
BWA,Botswana,,AFR,2254126,566730.0,566730,0.474270415947558,0.716552128577548,8258.64166574691,6.0674,5.1069,0.0833,1.2137,0.003,2.9,1.28652967935244,37.4945434437789,1815.55806865223,0.0,14.4
CAF,Central African Republic,,AFR,4666377,622980.0,622980,0.573094083228261,0.36680934465729,509.970974805014,5.6971,4.4666,0.0952,1.4135,,0.3,0.064289704839536,0.363603775194712,,0.0,9.8
CAN,Canada,up to parallel 60°N,Other,37058856,9093510.0,5785872,0.216477764594935,0.925952398500717,46210.5476227883,3.2515,3.8155,0.1767,3.0875,0.297,3113.0,84.001513700261,100.0,15588.4871464315,6.0,13.3
CHE,Switzerland,,Other,8516543,39516.0,39516,0.391343552750225,0.943997570278117,82838.9294445761,3.3567,3.3639,0.106,3.275,2.129,2246.0,263.722028996977,100.0,7520.16602494502,7.0,12.3
CHL,Chile,up to parallel 45°S,LCR,18729160,743532.0,536574,0.478105448873869,0.84285878076783,15923.3590619893,5.7583,5.3647,0.0684,1.7559,0.054,2137.0,114.100151848775,100.0,3879.6756048595,7.0,9.7
CHN,China,,EAP,1392730000,9388210.0,9388210,0.506592231612732,0.751703946831174,9770.84708783314,4.1265,3.8825,0.0727,1.6704,0.463,175017.9,125.66534791381,100.0,3927.04449998901,6.0,15.5
CIV,Côte d'Ivoire,,AFR,25069229,318000.0,318000,0.979223939077954,0.492304502118357,1715.53123817013,5.0545,3.9999,0.1066,1.4071,0.01,8.3,0.331083177707619,38.1,274.730090490935,4.0,11.8
CMR,Cameroon,,AFR,25216237,472710.0,472710,0.675369179033555,0.55593848219278,1526.87571339209,5.2957,4.2771,0.1,1.4422,0.007,14.2,0.563129225030682,21.2703972709478,275.197913680616,0.0,14.1
COD,Democratic Republic of Congo,,AFR,84068091,2267050.0,2267050,0.469797019156301,0.457469212926028,561.777182390647,5.1879,4.2556,0.1002,1.3,0.002,6.8,0.080886813523576,0.4,108.516701140545,0.0,10.0
COG,Congo,,AFR,5244363,341500.0,341500,0.373135816004884,0.60628258195365,2147.76946104594,4.8604,3.7669,0.1132,1.2819,0.001,0.6,0.114408556387115,22.6253579795672,202.872128916055,0.0,8.2
COL,Colombia,,LCR,49648685,1109500.0,1109500,0.323290529166142,0.74704538259088,6651.29129267621,4.867,4.0492,0.1059,1.2776,0.027,86.5,1.74224151153248,95.7258094425259,1312.15750301437,6.0,13.2
COM,Comoros,,AFR,832322,1861.0,1861,0.446239273094397,0.503253554923297,1445.45080869998,5.0535,4.2856,0.1001,1.2003,,0.0,0.0,72.1928710702143,,0.0,26.8
CPV,Cabo Verde,,AFR,543767,4030.0,4030,0.708215297450425,0.654030718428243,3654.00734457117,5.6364,4.6823,0.0907,1.3394,,7.5,13.7926722290981,91.8302923938069,,2.0,28.9
CRI,Costa Rica,,LCR,4999441,51060.0,51060,0.476195965417867,0.793864631683322,12026.5475337333,4.8909,4.093,0.1048,1.4367,0.09,28.0,5.60062615000357,100.0,1942.48816990297,7.0,14.4
CUB,Cuba,,Other,11338138,104020.0,104020,0.738338800644567,0.777267605527158,8541.21067346641,5.4139,4.5409,0.0937,1.2519,0.079,96.2,8.48463830657203,100.0,1450.88371686603,,
CUW,Curaçao (Neth.),,Other,159849,444.0,444,0.973128598848369,,19457.5315232205,5.9645,4.8332,0.0879,1.181,0.711,18.0,112.60627216936,100.0,4797.67043595944,,
CYM,Cayman Islands (U.K.),,Other,64174,240.0,240,0.650306748466258,,56334.2139924148,5.5632,4.6273,0.0919,1.3016,,9.9,154.268083647583,,,,
CYP,Cyprus,,ECA,1189265,9240.0,9240,0.883054698912514,0.868784385398697,28159.3016999455,5.2104,4.6983,0.0905,1.8572,0.292,113.0,95.0166699600173,100.0,3624.97125277167,8.0,14.9
CZE,Czech Republic,,ECA,10625695,77220.0,77220,0.750171173651258,0.887561428889983,23078.5734865691,3.0809,3.0481,0.1167,3.8963,1.372,2077.5,195.516622677387,100.0,6258.89103703659,8.0,12.1
DEU,Germany,,Other,82927922,349360.0,349360,0.734342679843714,0.936043420154955,48195.5799044116,2.9777,2.9608,0.1119,4.3721,2.954,45930.0,553.854466532997,100.0,7035.48297471676,8.0,32.2
DJI,Djibouti,,MENA,958920,23180.0,23180,0.925820146661521,0.476005730901248,2050.20473202095,6.0575,4.7972,0.0886,1.3586,,0.3,0.31285195845326,2.01321839764316,,0.0,25.5
DMA,Dominica,,LCR,71625,750.0,750,0.458057395143488,0.715056593033423,7031.70975373279,4.9429,3.9702,0.1077,1.2988,,0.6,8.37696335078534,100.0,,7.0,34.5
DNK,Denmark,,Other,5797446,41990.0,41990,0.902991352333524,0.929474111110122,60726.4665351509,2.7671,2.8434,0.1252,6.3164,2.114,998.0,172.14476857568,100.0,5858.80153628748,7.0,20.3
DOM,Dominican Republic,,LCR,10627165,48310.0,48310,0.608923708012508,0.735797919422381,7650.07275254505,5.4198,4.5698,0.0932,1.1867,0.17,166.3,15.6485760783803,100.0,1615.51524233024,4.0,20.4
DZA,Algeria,,MENA,42228429,2381740.0,2381740,0.231928308876355,0.753767534742925,4278.85005953418,5.9225,4.9167,0.0867,1.3487,0.013,410.0,9.70909905267847,98.9553723612358,1362.87191909646,5.0,2.2
ECU,Ecuador,,LCR,17084357,248360.0,248360,0.345953486199037,0.751899752575632,6344.87197850057,4.3049,3.4015,0.1273,1.3669,0.05,25.6,1.49844679551007,99.8245984776873,1376.39311532627,7.0,11.7
EGY,Arab Republic of Egypt,,MENA,98423595,995450.0,995450,0.244044239182159,0.695607555788064,2549.13945832295,6.2591,5.2467,0.081,1.3142,0.081,750.0,7.62012401599434,100.0,1683.21351829557,3.0,8.0
ERI,Eritrea,,AFR,4475000,101000.0,101000,0.71576112891131,0.439978537976607,,6.0715,4.8948,0.087,1.4326,,2.7,0.603351955307263,39.274702930261,,,
ESP,Spain,,Other,46723749,499564.0,499564,0.854934347381477,0.891020216441035,30523.8592390473,4.5754,4.4127,0.081,1.932,0.352,4743.7,101.526527762145,100.0,5355.98700558221,8.0,24.8
EST,Estonia,,ECA,1320884,43470.0,43470,0.631324132195402,0.871042038946073,22927.7444174193,2.7161,2.8369,0.126,11.1862,0.691,11.0,8.3277562602015,100.0,6732.36747315611,8.0,8.5
ETH,Ethiopia,,AFR,109224559,1000000.0,1000000,0.831563062756385,0.462664091875582,772.312227821251,5.8501,4.6954,0.0908,1.5797,0.003,11.0,0.10070995113837,26.5,69.1987531624304,0.0,3.9
FJI,Fiji,,EAP,883483,18270.0,18270,0.265830502569463,0.740787954969557,6202.16226706496,4.3159,3.8151,0.1123,1.1737,,9.5,10.7528950755136,98.0183531811611,,4.0,20.3
FRA,France,,Other,66987244,547557.0,547557,0.809952832118077,0.900802439918752,41463.6440227034,3.4825,3.3861,0.0954,2.969,1.054,9483.4,141.570236864798,100.0,6939.52147366929,8.0,13.0
FSM,Federated States of Micronesia,,EAP,112640,700.0,700,0.229390681003584,0.627254687774862,3058.43181818182,4.7468,3.888,0.1148,1.2155,,1.8,15.9801136363636,70.6666888740954,,0.0,37.8
GAB,Gabon,,AFR,2119275,257670.0,257670,0.43925877763329,0.702216425753829,8029.82238356148,4.5444,3.6024,0.1181,1.3878,0.005,1.4,0.660603272345496,54.9649505185154,1167.85221361079,3.0,18.9
GBR,United Kingdom,,Other,66488991,241930.0,241930,0.851205226869897,0.921548922339409,42491.3644350973,2.5918,2.6127,0.1521,5.1346,2.452,13108.0,197.145419156684,100.0,5129.5277927902,8.0,17.2
GEO,Georgia,,ECA,3731000,69490.0,69490,0.467168594693119,0.77982232852556,4344.63095185476,3.7245,3.7084,0.115,2.2406,0.142,0.0,0.0,100.0,2693.97276022513,5.0,6.5
GHA,Ghana,,AFR,29767108,227540.0,227540,0.960033884007528,0.591738194472393,2202.31216470307,5.0959,4.0203,0.106,1.3914,0.022,63.6,2.13658646315255,66.6,351.301578961752,4.0,22.2
GIN,Guinea,,AFR,12414318,245720.0,245720,0.949532524095103,0.459111121636894,885.251228166811,5.5734,4.4374,0.0958,1.3842,,13.4,1.07939880386502,6.9,,0.0,19.6
GMB,The Gambia,,AFR,2280102,10120.0,10120,0.968690423815809,0.460067235697905,712.452397744265,5.7477,4.569,0.093,1.3353,,2.2,0.964869115504482,15.5292451736138,,0.0,20.0
GNB,Guinea-Bissau,,AFR,1874309,28120.0,28120,0.962539099349585,0.455303553228988,777.969921786711,5.6043,4.4576,0.0953,1.3895,,1.2,0.640235948288143,4.0,,0.0,24.9
GNQ,Equatorial Guinea,,AFR,1308974,28050.0,28050,0.688701656583574,0.590561035064195,10173.963020188,4.6,3.6671,0.116,1.3689,,0.0,0.0,52.5734810186781,,0.0,17.0
GRC,Greece,,Other,10727668,128900.0,128900,0.713319151301395,0.86993406704057,20324.2535641477,4.4501,4.143,0.0861,2.3675,0.324,2651.5,247.164621425644,100.0,5062.60642155232,7.0,19.5
GRD,Grenada,,LCR,111454,340.0,340,0.5,0.771948499181575,10833.6583303924,5.4136,4.4519,0.0972,1.2198,,2.4,21.5335474724999,92.344367980957,,3.0,27.6
GTM,Guatemala,,LCR,17247807,107160.0,107160,0.527526506306347,0.650311622520604,4549.01008110721,5.2525,4.3855,0.0974,1.3697,0.044,113.5,6.58054673269477,86.363775519219,577.897354201025,7.0,19.4
GUM,Guam (U.S.),,Other,165768,540.0,540,0.823975720789074,,35664.5016770046,5.5734,4.532,0.0938,1.3097,,34.8,209.931953091067,100.0,,,
GUY,Guyana,,LCR,779004,196850.0,196850,0.142450257549742,0.653637242981931,4634.68133523087,5.2123,4.1959,0.1014,1.2941,,10.2,13.0936426513856,81.8613599498453,,0.0,30.0
HKG,"Hong Kong, SAR",,EAP,7451000,1050.0,1050,0.404542228530873,0.932582914433701,48717.2912142538,3.905,3.2718,0.1301,1.4685,29.378,0.0,0.0,,6083.2699356802,8.0,15.4
HND,Honduras,,LCR,9587522,111890.0,111890,0.544028033935817,0.616716749357898,2482.73020626573,5.1649,4.2629,0.1,1.3638,0.026,516.0,53.8199547286567,72.1978981788138,619.836394903786,0.0,17.2
HRV,Croatia,,ECA,4089400,55960.0,55960,0.726788882318155,0.831102278842112,14869.0906823045,3.737,3.6306,0.1176,2.9073,0.292,61.0,14.916613684159,100.0,3714.38298844207,5.0,17.6
HTI,Haiti,,LCR,11123176,27560.0,27560,0.711808373155411,0.497945110627506,868.284799613704,5.5361,4.6766,0.0911,1.1474,0.007,2.6,0.233746189038095,,39.0558050576888,0.0,22.7
HUN,Hungary,,ECA,9768785,90530.0,90530,0.882357753250186,0.837844633948344,15938.8367965554,3.5222,3.4402,0.1035,3.4827,0.54,665.0,68.0739723517305,100.0,3965.95823348335,7.0,17.6
IDN,Indonesia,,EAP,267663435,1811570.0,1811570,0.326491991223382,0.693979663942119,3893.59607757239,4.6245,3.7674,0.112,1.3179,0.058,60.3,0.225282919200376,94.7731365689459,811.906904947585,5.8,10.7
IMN,Isle of Man (U.K.),,Other,84077,570.0,570,0.84182776801406,,79155.541672096,2.7203,2.7637,0.1287,6.0459,,,,100.0,,,
IND,India,,SOA,1352617328,2973190.0,2973190,0.873881110327512,0.639832910895806,2015.59048548675,5.0978,4.322,0.0682,1.7469,0.196,26869.1,19.8645244621619,77.6286901645437,804.514228089279,6.5,17.0
IRL,Ireland,,Other,4853506,68890.0,68890,0.854464602292873,0.938410058995056,78806.431996268,2.533,2.5126,0.1418,4.4904,0.941,28.7,5.91325116317977,100.0,5672.06413410796,8.0,19.7
IRN,Islamic Republic of Iran,,MENA,81800269,1628760.0,1628760,0.725800063900095,0.79805734320084,5627.74926845456,5.5238,4.9159,0.0868,1.5063,0.087,286.4,3.50121098012526,100.0,3022.12256298599,5.0,5.3
IRQ,Iraq,,MENA,38433600,434128.0,434128,0.586461364264743,0.685317077720091,5878.03856646219,5.4649,4.6783,0.0909,1.5638,0.073,36.5,0.949689854710462,100.0,1328.23041622952,0.0,9.5
ISR,Israel,,Other,8883800,21640.0,21640,0.927459131905299,0.903244841425405,41613.9980821758,5.7536,5.0763,0.0706,1.5279,1.463,1070.0,120.443954163759,100.0,6600.8982801222,6.0,11.9
ITA,Italy,,Other,60431283,294140.0,294140,0.702331829557153,0.879769445141925,34318.3511241724,4.0721,3.9933,0.0673,2.3586,0.917,20120.0,332.940142938881,100.0,5002.40667987736,7.0,19.3
JAM,Jamaica,,LCR,2934855,10830.0,10830,0.410683855671631,0.732240923475134,5355.58263932713,5.2107,4.3858,0.0971,1.1761,0.139,55.5,18.9106446485431,96.0068244010101,1050.73290446087,5.0,22.3
JOR,Jordan,,MENA,9956011,88780.0,88780,0.523738616076938,0.73537313966981,4247.76872564413,6.0177,5.315,0.08,1.4125,0.109,771.5,77.4908746083145,100.0,1864.67585548017,6.0,23.9
JPN,Japan,,Other,126529100,364560.0,364560,0.350554608675046,0.909152956647799,39286.7376488008,3.6144,3.4456,0.1712,2.0543,2.339,55500.0,438.634274645121,100.0,7819.71463590936,8.0,18.6
KAZ,Kazakhstan,,ECA,18276499,2699700.0,2699700,0.583594078875773,0.800434604158046,9331.04694986684,3.8227,3.685,0.1163,4.6254,0.047,209.0,11.435450520365,100.0,5600.20846486508,8.0,5.0
KEN,Kenya,,AFR,51393010,569140.0,569140,0.821283293653064,0.589920177066959,1710.51009699983,5.78,4.5042,0.0946,1.3822,0.006,92.5,1.79985566130491,39.3,164.325548654934,4.0,21.5
KGZ,Kyrgyz Republic,,ECA,6315800,191800.0,191800,0.36891366861959,0.672193033246671,1281.36366078545,4.114,4.1149,0.1036,2.6533,0.055,0.0,0.0,99.9939226490173,1941.22183189101,0.0,2.9
KHM,Cambodia,,EAP,16249798,176520.0,176520,0.772301601517469,0.581975040657578,1512.12670972847,5.0913,4.125,0.103,1.3551,0.012,28.4,1.74771403312213,36.4627894300957,271.367258234196,3.0,18.0
KIR,Kiribati,,EAP,115847,810.0,810,0.657955418908532,0.611784025677148,1625.28610001512,6.1258,4.8231,0.0865,1.1944,,2.9,25.0330176871218,82.20165826841,,0.0,39.4
KNA,Saint Kitts and Nevis,,LCR,52441,260.0,260,0.598746081504702,0.777844585235972,19829.4283169728,5.5789,4.6456,0.0918,1.2333,,1.9,36.2311931503976,100.0,,0.0,29.7
KOR,Republic of Korea,,EAP,51635256,97489.0,97489,0.541063565231131,0.902561126409903,31362.75147294,3.9865,3.8163,0.1011,1.4204,4.505,7861.9,152.2583716831,100.0,10496.5136719641,8.0,8.5
KWT,Kuwait,,MENA,4137309,17820.0,17820,0.832964457752897,0.803066024249548,34243.9529098591,5.6764,4.8155,0.0882,1.3106,2.001,30.5,7.37194152044239,100.0,15590.5999064737,6.0,0.8
LAO,Lao People's Democratic Republic,,EAP,7061507,230800.0,230800,0.364860750989387,0.601275725326298,2567.54321653103,4.4847,3.8709,0.11,1.6182,,6.7,0.94880597017039,80.3351114105026,,2.0,12.9
LBN,Lebanon,,MENA,6848925,10230.0,10230,0.773703290574456,0.756695981617609,8269.78767551923,5.3556,4.8315,0.0881,1.9685,1.021,41.7,6.088546742737,100.0,2588.30067018927,0.0,13.2
LBR,Liberia,,AFR,4818977,96320.0,96320,0.929463811714741,0.435093908015316,674.209484710137,4.8758,3.8833,0.1095,1.4058,,2.6,0.539533598105988,1.3,,0.0,39.0
LBY,Libya,,MENA,6678567,1759540.0,1759540,0.160251080772211,0.705599425240214,7235.02811502498,6.1345,5.1243,0.083,1.3315,0.003,5.1,0.763636870005197,96.4409533778846,1811.05516990863,0.0,11.6
LCA,Saint Lucia,,LCR,181889,610.0,610,0.344686648501362,0.747049152119122,10315.0260751215,5.3959,4.5225,0.0943,1.1766,,3.8,20.8918626195097,98.4064922123234,,7.0,30.9
LIE,Liechtenstein,,Other,37910,160.0,160,0.364620938628159,0.91608286799234,165028.245029187,3.1691,3.2454,0.1277,3.1478,,0.0,0.0,100.0,,,9.3
LKA,Sri Lanka,,SOA,21670000,62710.0,62710,0.731587183499654,0.770010247477162,4102.48135014467,5.277,4.2118,0.101,1.4289,0.082,159.1,7.34194739270881,94.5929601820091,531.090576571374,6.0,16.9
LSO,Lesotho,,AFR,2108132,30360.0,30360,0.639525807395844,0.519729430058393,1324.282767995,5.5414,5.1349,0.0836,1.1699,,0.4,0.189741439340611,15.7458837129464,,0.0,13.9
LTU,Lithuania,,ECA,2789533,62642.0,62642,0.81204609862082,0.858135144524458,19089.7075056564,2.8246,2.8704,0.1241,7.6884,0.404,83.8,30.0408706403545,100.0,3821.1451704374,8.0,8.3
LUX,Luxembourg,,Other,607728,2430.0,2430,0.805412371134021,0.903938860890113,114340.498741773,3.0173,2.9478,0.1202,4.3895,5.684,134.0,220.49337861675,100.0,13914.6784488756,7.0,10.6
LVA,Latvia,,ECA,1926542,62180.0,62180,0.711465973175934,0.847143039132196,18088.9272518674,2.7733,2.8531,0.1252,8.8003,0.302,1.2,0.622877674091715,100.0,3507.40452065472,7.0,9.9
MAC,"Macau, SAR",,EAP,631636,30.0,30,0.826086956521739,,86355.407651836,4.0875,3.4041,0.1047,1.5678,,0.0,0.0,,,,
MAR,Morocco,,MENA,36029138,446300.0,446300,0.811696550656134,0.666512569952404,3237.88336815666,5.5632,5.0065,0.0851,1.3053,0.041,205.5,5.70371680832331,100.0,904.442154848277,7.0,12.3
MDA,Moldova,,ECA,3545883,32890.0,32890,0.958701249330407,0.699753399052754,3189.35581212262,3.5516,3.4493,0.1232,3.5245,0.186,2.0,0.564034402714359,100.0,1386.23443895606,7.0,8.8
MDG,Madagascar,,AFR,26262368,581800.0,581800,0.766785626838947,0.51916252686803,460.752780832755,5.6252,4.7579,0.0899,1.3059,,33.0,1.25655081826589,17.3,,0.0,15.7
MDV,Maldives,,SOA,515696,300.0,300,0.518518518518518,0.716864350572134,10223.6364890278,5.5933,4.4418,0.0958,1.3429,,9.4,18.2277931184264,100.0,,0.0,44.9
MEX,Mexico,,LCR,126190788,1943950.0,1943950,0.686815370043804,0.774034620773871,9698.0841865066,5.7277,4.9241,0.0902,1.3312,0.068,2541.0,20.1361766597416,100.0,2157.32394883914,7.0,11.5
MHL,Marshall Islands,,EAP,58413,180.0,180,0.190909090909091,,3621.17409480766,5.3744,4.2382,0.1029,1.1974,,,,89.0879896817433,,0.0,39.1
MKD,North Macedonia,,ECA,2082958,25220.0,25220,0.679658275199676,0.756687188111335,6083.71894832148,4.0494,3.8814,0.1095,2.4675,0.264,20.6,9.88978174307883,100.0,3496.52873867478,5.0,12.8
MLI,Mali,,AFR,19077690,1220190.0,1220190,0.402313628022095,0.426868860876469,901.403100689224,6.0178,4.6763,0.0909,1.2363,,19.6,1.02737805258393,1.7689984828541,,0.0,13.6
MLT,Malta,,MENA,483530,320.0,320,0.694323144104803,0.878186794658016,30074.7411850959,5.0071,4.5618,0.093,2.0342,4.866,127.3,263.272185800261,100.0,4924.54401944044,5.0,17.0
MMR,Myanmar,,EAP,53708395,653080.0,653080,0.517816797042198,0.578263212736457,1325.95292370622,4.6943,4.1414,0.1026,1.8282,0.01,54.9,1.02218656878501,39.7927429049178,215.298895443599,1.0,8.3
MNE,Montenegro,,ECA,622345,13450.0,13450,0.607327938903537,0.813692301889981,8760.69228579702,3.8614,3.8174,0.1116,2.322,0.208,3.4,5.46320770633652,100.0,4612.34139045689,5.0,13.3
MNG,Mongolia,,EAP,3170208,1553560.0,1553560,0.485830437709625,0.740816315447271,4103.69749259393,4.3193,4.7573,0.0898,1.8633,0.004,62.7,19.7778820821851,44.168604551646,2006.38888095267,3.0,5.9
MNP,Northern Mariana Islands (U.S.),,Other,56882,460.0,460,0.272887323943662,,28163.7848732364,5.5614,4.6546,0.0914,1.3183,,0.0,0.0,100.0,,,
MOZ,Mozambique,,AFR,29495962,786380.0,786380,0.85064926248419,0.436579911250829,490.167582289902,5.3819,4.435,0.0958,1.2337,0.009,17.0,0.576350078020849,4.95497106197218,478.921172329335,4.0,10.4
MRT,Mauritania,,AFR,4403319,1030700.0,1030700,0.24684244862119,0.519643720758591,1218.59640995207,6.0378,4.7491,0.0895,1.1962,,86.1,19.5534323086744,2.3,,2.0,17.7
MUS,Mauritius,,AFR,1265303,2030.0,2030,0.75688622754491,0.790120174836255,11238.6903948961,5.0132,4.2148,0.1015,1.3604,0.681,30.0,23.7097359288645,100.0,2182.50915591141,6.0,19.6
MWI,Malawi,,AFR,18143315,94280.0,94280,0.925213266848515,0.476552795348147,389.398033178836,5.5937,4.6006,0.0924,1.3821,,22.7,1.25114952807687,4.0,,0.0,11.5
MYS,Malaysia,,EAP,31528585,328550.0,328550,0.255352982699284,0.801807695215745,11238.9573725301,4.706,3.7399,0.1138,1.3214,0.215,437.8,13.8858118751603,100.0,4651.9587341816,8.0,11.6
NAM,Namibia,,AFR,2448255,823290.0,823290,0.72970642685086,0.646525269823004,5931.45388457263,6.4047,5.3791,0.0791,1.1716,0.002,78.8,32.1861897555606,28.7242268577304,1652.56902565727,6.0,13.5
NCL,New Caledonia (Fr.),,Other,284060,18280.0,18280,0.455132315847976,,,4.5737,3.9764,0.1076,1.3703,,32.8,115.468562979652,100.0,,,
NER,Niger,,AFR,22442948,1266700.0,1266700,0.303607281557757,0.353931192033396,411.688942542622,6.2647,4.837,0.0879,1.236,0.0,20.0,0.891148524694706,4.67992277139175,51.1950084399,0.0,19.3
NGA,Nigeria,,AFR,195874740,910770.0,910770,0.974075965131914,0.531809699209441,2028.18197017598,5.4364,4.2977,0.0997,1.3962,0.014,19.1,0.097511297270899,41.1,144.525462223266,0.0,13.6
NIC,Nicaragua,,LCR,6465513,120340.0,120340,0.691411773720543,0.657739789115881,2028.89689057351,5.0415,4.1085,0.104,1.3595,0.015,30.3,4.68640307428042,56.604743861928,568.313810807014,4.0,33.7
NLD,Netherlands,,Other,17231017,33690.0,33690,0.822191334499096,0.93063859254565,53024.0592130531,2.8649,2.8647,0.1241,4.3346,6.646,4150.0,240.844751067218,100.0,6712.774758245,8.0,10.6
NOR,Norway,up to parallel 60°N,Other,5314336,365123.0,54569,0.549278016029811,0.952522019675818,81807.198038676,2.5833,2.7612,0.1292,14.9727,4.282,68.4,12.8708459532856,100.0,22999.9345951283,8.0,10.0
NPL,Nepal,,SOA,28087871,143350.0,143350,0.277381049956969,0.574038025034974,1025.79835586617,4.5344,3.996,0.1064,1.5872,0.019,53.3,1.89761623442375,85.2,146.467864816665,0.0,11.4
NRU,Nauru,,EAP,12704,20.0,20,1.0,,9030.07106447406,5.8795,4.651,0.0913,1.1792,,0.7,55.1007556675063,,,,
NZL,New Zealand,,Other,4885500,263310.0,263310,0.416124026579844,0.916687629454361,41966.0091846374,3.5396,3.6774,0.097,1.8447,0.162,79.2,16.2112373349708,100.0,9026.32104131095,7.0,11.5
OMN,Oman,,MENA,4829483,309500.0,309500,0.44713229525487,0.820989395278129,16418.9269283158,6.2779,5.1683,0.0822,1.3377,0.045,8.2,1.6979043098402,100.0,6445.57341716204,7.0,5.1
PAK,Pakistan,,SOA,212215030,770880.0,770880,0.721696623375734,0.561602585681407,1472.89313366943,5.3411,4.7126,0.0906,1.3674,0.071,1568.1,7.38920330006786,98.807673698578,447.501002589131,0.0,18.7
PAN,Panama,,LCR,4176873,74340.0,74340,0.484053126129382,0.789320299890748,15575.0725482915,4.7445,3.9655,0.1077,1.4209,0.056,146.7,35.1219680368544,81.2950521000033,2064.17579713507,7.0,18.8
PER,Peru,,LCR,31989256,1280000.0,1280000,0.251690402008806,0.749772854574691,6947.2566270938,5.1463,4.901,0.0884,1.3556,0.013,345.1,10.7879970700163,75.5729045784838,1345.8795888743,6.0,17.1
PHL,Philippines,,EAP,106651922,298170.0,298170,0.457880969991697,0.698932372536762,3102.71336329931,4.7316,3.9324,0.1085,1.4902,0.124,886.4,8.31114886049592,86.2595592235837,696.346780059737,6.0,16.4
PLW,Palau,,EAP,17907,460.0,460,0.218283582089552,0.798478437520455,17317.872619646,4.9776,4.005,0.1063,1.3045,,1.3,72.597308315184,97.2302593103519,,0.0,31.1
PNG,Papua New Guinea,,EAP,8606316,452860.0,452860,0.179802978286466,0.54430400197213,2722.60467940151,4.4832,3.6919,0.1159,1.3586,,1.5,0.174290602390152,15.4713485991113,,4.0,30.3
POL,Poland,,ECA,37978548,306190.0,306190,0.764834054271282,0.865075040942413,15424.0460254454,2.977,2.9844,0.1192,4.8957,0.904,486.5,12.8098630837598,100.0,3971.79976131055,7.0,13.2
PRI,Puerto Rico (U.S.),,Other,3195153,8870.0,8870,0.658663028649386,,31651.3481514031,5.2681,4.3964,0.0969,1.1771,,165.2,51.7033143639757,100.0,,3.0,24.5
PRK,D. P. R. of Korea,,Other,25549819,120410.0,120410,0.532219353041391,,,3.8578,3.9158,0.1084,1.46,0.117,10.7,0.418789659527529,39.2442245483398,601.690047854253,,
PRT,Portugal,,Other,10281762,91606.0,91606,0.916908191662701,0.847113340712876,23145.7349562595,4.5656,4.3155,0.0826,2.0659,0.375,670.2,65.1833800471164,100.0,4662.60079980294,8.0,25.2
PRY,Paraguay,,LCR,6956071,397300.0,397300,0.541916922337706,0.701662434050934,5871.46706441738,5.0765,4.2814,0.0993,1.4517,0.015,0.0,0.0,96.1,1552.38421668465,3.0,6.5
PSE,West Bank and Gaza,,MENA,4569087,6020.0,6020,0.898371104815864,,3198.86664447405,5.6094,4.9348,0.0858,1.6342,,,,100.0,,5.0,17.1
PYF,French Polynesia (Fr.),,Other,277679,3660.0,3660,0.104322527015794,,,5.2558,4.3941,0.0745,1.2404,,34.0,122.443540923152,100.0,,,
QAT,Qatar,,MENA,2781677,11610.0,11610,0.896806879541364,0.855616448244128,69026.4688025751,5.8988,4.9174,0.0863,1.2303,1.775,5.1,1.83342638271805,100.0,14781.648325999,5.0,4.0
ROU,Romania,,ECA,19473936,230080.0,230080,0.756728820123837,0.81119175021268,12301.1864034302,3.5742,3.5236,0.1207,3.0688,0.257,1377.1,70.7150316196993,100.0,2584.41178726443,7.0,5.9
RUS,Russian Federation,up to parallel 60°N,ECA,144478050,16376870.0,8019565,0.448385654131115,0.816275486703012,11288.8724435206,3.1178,3.3552,0.2322,6.7024,0.102,545.7,3.7770443330319,100.0,6602.65752529282,8.0,8.2
RWA,Rwanda,,AFR,12301939,24670.0,24670,0.778885808937868,0.523946712393506,772.967838382225,5.0756,4.1021,0.1037,1.2195,,30.3,2.46302635706452,17.76,,5.0,13.9
SAU,Saudi Arabia,,MENA,33699947,2149690.0,2149690,0.384804359822393,0.853298638212284,23219.1304831033,6.208,5.1588,0.0859,1.2111,0.069,89.3,2.64985579947648,100.0,9401.36676935668,6.0,7.6
SDN,Sudan,,AFR,41801533,,1886068,0.46447426019864,0.502465678242747,977.273635724417,6.3227,4.9432,0.086,1.4209,,17.6,0.421037190191087,22.2029537626764,190.220886811296,3.0,4.4
SEN,Senegal,,AFR,15854360,192530.0,192530,0.825646827390275,0.505133722911853,1521.9535542169,5.7981,4.5835,0.0927,1.2806,0.009,134.0,8.45193372674772,38.3,229.351795106376,5.0,17.3
SGP,Singapore,,Other,5638676,709.0,709,0.486612339930151,0.932041606432207,64581.9440183954,4.4924,3.5513,0.1205,1.2648,35.19,150.0,26.6019895450634,,8844.68759301201,7.0,10.2
SLB,Solomon Islands,,EAP,652858,27990.0,27990,0.078786977850453,0.545960041430625,2162.65180398781,4.4017,3.6894,0.117,1.2783,,2.5,3.8293166354705,41.5360381350692,,3.0,67.4
SLE,Sierra Leone,,AFR,7650154,72180.0,72180,0.968704817872301,0.418987064789857,522.858128404118,5.1185,4.0862,0.104,1.4584,,4.2,0.549008555906195,2.5,,0.0,20.4
SLV,El Salvador,,LCR,6420744,20720.0,20720,0.808802250803858,0.67415872684264,4058.24465202164,5.9155,4.8272,0.088,1.3285,0.125,184.2,28.6882641637792,98.7540836323244,937.073876813943,6.0,16.7
SMR,San Marino,,Other,33785,60.0,60,0.86,,48494.5514112427,3.9336,3.7595,0.1018,2.6023,,0.0,0.0,100.0,,6.0,13.8
SOM,Somalia,,AFR,15008154,627340.0,627340,0.896797157792359,,314.562363459147,6.0283,4.7617,0.0897,1.4981,,7.1,0.473076169127795,11.6313767023634,,,
SRB,Serbia,,ECA,6982084,87460.0,87460,0.842730513383621,0.786693034699728,7233.99587424704,3.6762,3.5203,0.1207,2.993,0.373,10.0,1.43223713722149,100.0,4271.7446669105,5.0,7.3
SSD,South Sudan,,AFR,10975920,,619745,0.645790431687902,0.387725180848733,283.487801728826,5.6788,4.4569,0.0954,1.4025,,0.5,0.04555426788825,5.8733958854267,43.5817242123859,,
STP,São Tomé and Príncipe,,AFR,211028,960.0,960,0.197754749568221,0.589476283139653,2001.14090226164,4.2979,3.4681,0.124,1.3583,,0.1,0.473870765964706,51.0857189677002,,0.0,17.0
SUR,Suriname,,LCR,575991,156000.0,156000,0.061991817583612,0.719612421871166,5950.21394733953,5.3777,4.269,0.0993,1.3342,0.006,6.9,11.9793538440705,69.3380324663806,3596.77772094427,0.0,7.3
SVK,Slovakia,,ECA,5447011,48080.0,48080,0.594624678245948,0.85520023672264,19546.9019028513,3.2518,3.2655,0.109,3.5711,0.83,531.0,97.4846571817094,100.0,5137.07383519398,8.0,11.6
SVN,Slovenia,,ECA,2067372,20142.0,20142,0.471185244020828,0.896223828558909,26234.0228962506,3.4522,3.4345,0.104,2.8709,0.842,255.8,123.73196502613,100.0,6727.99930164211,8.0,14.6
SWE,Sweden,up to parallel 60°N,Other,10183175,407310.0,142950,0.482517703491403,0.932804549269391,54111.9721723671,2.6867,2.8373,0.1256,7.852,1.936,421.0,41.3427050011416,100.0,13480.148224391,8.0,10.2
SWZ,Eswatini,,AFR,1136191,17200.0,17200,0.917226148409894,0.588316354143471,4139.96194908385,4.8493,4.3186,0.0989,1.1572,,0.9,0.792120338921889,61.1840977421427,,0.0,16.2
SXM,Sint Maarten (Neth.),,Other,40654,34.0,34,0.69047619047619,,,5.8376,4.8683,0.0788,1.2135,,,,,,,
SYC,Seychelles,,AFR,96762,460.0,460,0.197080291970803,0.796528658173432,16433.9352865158,5.6284,4.3476,0.098,1.221,,3.5,36.171224240921,100.0,,3.0,31.1
SYR,Syrian Arab Republic,,MENA,16906283,183630.0,183630,0.790294744933718,0.53570370082832,,5.4529,4.8542,0.0876,1.7688,0.055,1.4,0.082809450190796,100.0,974.317139133449,0.0,6.7
TCA,Turks and Caicos Islands (U.K.),,Other,37665,950.0,950,0.85207100591716,,27142.2277976902,5.5994,4.7221,0.0898,1.2254,,0.4,10.6199389353511,42.6615731425534,,,
TCD,Chad,,AFR,15477751,1259200.0,1259200,0.455457700600138,0.403970247390646,730.244607565426,6.2617,4.8374,0.088,1.3778,,0.2,0.012921773970908,2.23271715979023,,0.0,20.5
TGO,Togo,,AFR,7889094,54390.0,54390,0.980305921641124,0.503220000368368,671.840687558773,5.2179,4.1243,0.1031,1.4116,0.011,3.0,0.380271803073965,19.3940557556804,154.665237320778,3.0,17.0
THA,Thailand,,EAP,69428524,510890.0,510890,0.752829657047167,0.754683545914924,7273.56320732092,4.9348,4.0646,0.1046,1.4849,0.175,2720.2,39.1798621557906,100.0,2538.79638035364,8.0,12.6
TJK,Tajikistan,,ECA,9100837,138790.0,138790,0.359711853431858,0.650014529686563,826.621530538704,4.5133,4.3406,0.0984,2.4573,0.074,0.0,0.0,100.0,1499.48508590929,0.0,6.4
TKM,Turkmenistan,,ECA,5850908,469930.0,469930,0.363875842583706,0.706257108241312,6966.63541063077,4.7217,4.3678,0.0973,2.0853,0.025,0.0,0.0,100.0,2678.76351364206,,
TLS,Timor-Leste,,EAP,1267972,14870.0,14870,0.628581153911613,0.624944097670165,2035.53390768881,5.3165,4.3391,0.0982,1.5401,,0.6,0.47319656900941,49.2153775073931,,0.0,21.5
TON,Tonga,,EAP,103197,720.0,720,0.405281285878301,0.725644707457446,4364.01556134949,4.8045,4.0078,0.1065,1.4284,,6.2,60.0792658701319,96.56,,3.0,38.5
TTO,Trinidad and Tobago,,LCR,1389858,5130.0,5130,0.385508668629375,0.783915259601077,16843.701611713,5.3849,4.349,0.0978,1.1873,0.865,3.3,2.37434327823418,100.0,7092.93261163496,6.0,6.7
TUN,Tunisia,,MENA,11565204,155360.0,155360,0.757581165488366,0.734720097330712,3446.60723792022,5.3011,4.7445,0.0898,1.4779,0.068,47.1,4.07256110657451,100.0,1454.64228662211,6.0,9.7
TUR,Turkey,,ECA,82319724,769630.0,769630,0.787929638020853,0.790633980714653,9311.36611728167,4.5979,4.3232,0.0824,2.4065,0.23,5062.9,61.5028787025574,100.0,2847.12638262318,5.0,10.1
TUV,Tuvalu,,EAP,11508,30.0,30,0.935483870967742,,3700.71067713471,5.3376,4.2668,0.1,1.225,,,,98.5428016103924,,,
TZA,Tanzania,,AFR,56318348,885800.0,885800,0.807439973251159,0.537714740595746,1050.67525379846,5.6567,4.5067,0.0947,1.3104,0.003,25.4,0.451007547309449,16.9,103.683315765216,5.0,12.6
UGA,Uganda,,AFR,42723139,200520.0,200520,0.816059829906463,0.516320814699246,643.139670191672,5.6431,4.4616,0.0955,1.2401,,48.0,1.12351295161154,18.0,,0.0,17.1
UKR,Ukraine,,ECA,44622516,579290.0,579290,0.894402119386471,0.750709737576033,3095.17358053586,3.3505,3.2962,0.1295,4.5491,0.37,2002.7,44.8809296185809,100.0,3418.58502352461,6.0,7.1
URY,Uruguay,,LCR,3449299,175020.0,175020,0.952390203625678,0.803948433136911,17277.9701105496,4.7898,4.3043,0.0988,1.654,0.039,248.2,71.9566497424549,100.0,3085.1944193006,6.0,16.9
USA,United States of America,up to parallel 60°N,Other,327167434,9147420.0,8039753,0.663291481808138,0.923913588724616,62641.0145699281,4.4984,4.3584,0.1028,1.8847,0.425,49692.0,151.885532714726,100.0,12993.9618247727,7.2,17.1
UZB,Uzbekistan,,ECA,32955400,425400.0,425400,0.484090668905969,0.709846646692492,1532.37163919396,4.5128,4.2688,0.0997,2.4776,0.107,3.9,0.118341758861977,100.0,1645.44162925056,8.0,5.7
VCT,Saint Vincent and the Grenadines,,LCR,110210,390.0,390,0.5,0.722707899234581,7377.67883199414,5.1861,4.2728,0.1025,1.2374,,1.3,11.7956628255149,100.0,,0.0,31.5
VEN,R. B. de Venezuela,,LCR,28870195,882050.0,882050,0.459565743292079,0.760772990078813,,5.3497,4.3545,0.0977,1.2605,0.039,4.0,0.13855119440655,96.3843754389501,2718.94277456043,0.0,
VGB,British Virgin Islands (U.K.),,Other,29802,150.0,150,0.533678756476684,,,5.756,4.8547,0.0877,1.2159,,0.2,6.71095899604053,,,,
VIR,United States Virgin Islands (U.S.),,Other,106977,350.0,350,0.619815668202765,,35938.0243875154,5.6868,4.7504,0.0751,1.2073,,5.0,46.7390186675641,100.0,,,
VNM,Vietnam,,EAP,95540395,310070.0,310070,0.591920527148551,0.693998062133881,2563.82073058085,4.2521,3.5544,0.1219,1.7401,0.251,106.4,1.113665062825,100.0,1423.68834535005,7.0,12.3
VUT,Vanuatu,,EAP,292680,12190.0,12190,0.098453261600538,0.60257391539552,3033.40814644607,4.3046,3.5305,0.1245,1.4571,,2.7,9.22509225092251,46.44,,4.0,43.6
WSM,Samoa,,EAP,196130,2830.0,2830,0.089897510980966,0.712812176548273,4392.46775479595,4.7821,4.0529,0.1064,1.2534,,13.5,68.8318972110335,100.0,,4.0,39.1
XKO,Kosovo,,ECA,1845300,10887.0,10887,0.790152130995239,,4281.29232946159,3.8542,3.6959,0.115,2.6972,,,,,,2.0,
YEM,Republic of Yemen,,MENA,28498687,527970.0,527970,0.515186514919559,0.45190042638439,944.408499373419,6.4675,5.2137,0.0818,1.4058,0.005,150.0,5.26340038051578,57.6911624125305,219.799922434946,,
ZAF,South Africa,,AFR,57779622,1213090.0,1213090,0.842474974725978,0.699030054682269,6374.01544590635,5.6293,5.0036,0.1146,1.2286,0.116,2558.8,44.2855095175251,67.9214351327324,4197.90704691753,4.0,14.8
ZMB,Zambia,,AFR,17351822,743390.0,743390,0.804837777959758,0.588083472468451,1539.90015779907,5.8834,4.8281,0.088,1.3924,0.007,5.0,0.28815417769961,2.65774574590031,717.349167873017,4.0,4.7
ZWE,Zimbabwe,,AFR,14439018,386850.0,386850,0.947084644691072,0.534553285754596,2146.99638487707,5.781,4.8611,0.0875,1.2749,0.01,10.6,0.734121946520186,15.575583712267,609.125952099707,0.0,11.9
